Vendor_Number,Vendor_Name
10,"A Hardy / U.S.A., Ltd."
33,Bmc Imports
35,"Bacardi U.S.A., Inc."
55,Sazerac North America
61,"Biagio Cru And Estate Wines, LLC"
65,Jim Beam Brands
79,Breckenridge Distillery
80,Boston Beer Company
85,Brown-Forman Corporation
86,Broadbent Distillery
89,Temperance Distiling Company
90,"Carriage House Imports, Ltd."
91,Castle Brands
100,Aiko Importers Inc
101,Artisan Grain Distillery
104,"ASDSpirits, LLC"
107,Blaum Bros. Distilling Co.
109,Casa 1921 LLC
110,3 Badge Mixology
111,Better Brands Bev Co
112,American Vintage Beverage
114,Aha Toro Spirits Inc
115,"Constellation Wine Company, Inc."
116,Bad Bear Enterprises
121,Cooperspiritsinternational
122,Cooper's Chase Distillery
125,"Cedar Ridge Vineyards,LLC"
127,Classic Wine Imports
128,Clear Creek Distillery
130,Disaronno International LLC
136,High West Distillery
143,Dakota Spirits Distillery
154,Iowa Distilling Company
158,Dry Fly Distilling
160,Drinks Americas
163,Marsalle Company
164,45th Parallel Spirits
166,Swiss Cellars
184,Four Roses Distillery
185,"Evaton, Inc."
190,Firestarter Spirits Inc.
192,Sidney Frank Importing Co.
194,Fire Tail Brands Llc
195,Swell Liquor LLC
197,National Brokers
198,Frank-lin Distillers Products Ltd.
203,Honey Creek Distillery
204,Hillrock Estate Distillery LLC
205,E AND J GALLO WINERY
206,Panther Distillery
207,Paradise Distilling Company
208,Prost Beverage Company
209,Minhas Micro Distillery
211,Lapham Import Co
224,Ste. Michelle Wine Estates
226,"maDIKwe USA, Inc."
229,Dehner Distillery
239,"Russian Standard Vodka, USA"
240,"WILLIAM GRANT AND SONS, INC."
246,Louisville Distilling Co
250,Homestead American Whiskey
255,Wilson Daniels Ltd.
259,Heaven Hill Brands
260,Diageo Americas
267,"Imperial Brands, Inc."
268,Impex Beverages Inc
270,"International Beverage Co., Inc."
277,Stoli Group
284,Charles Jacquin/Independent Spirits
285,"Charles Jacquin Et. Cie., Inc."
287,"Chatham Imports,inc"
288,Kindred Spirits Of North America
293,"Jinro America, Inc"
294,Jesse James Distilling Company
295,Kobrand Corporation
297,Laird And Company
298,"White Rock Distilleries, Inc."
300,Mccormick Distilling Company
301,Fifth Generation Inc.
305,MHW Ltd
306,Mississippi River Distilling Co.
307,Liquor Group Wholesale
308,"Mango Bottling, Inc."
310,Marsalle Company/Stoller Warehouse
311,Modern Spirits
312,"Klin Spirits, LLC"
313,Vision Wine and Spirits
315,Patriarch Distillers
322,Prestige Wine and Spirits Group
330,Gemini Spirits
338,Niche Import Co.
343,Pacific Edge Wine & Spirits
346,"Ole Smoky Distillery, LLC"
347,"North Shore Distillery, LLC."
350,Luxco-Cleveland
357,"Palm Bay Imports, Inc."
359,Park Street Imports-Duke Spirits
361,Park Street Imports-Sweet Revenge
363,"Paterno Imports, Ltd."
365,Park Street Imports-Voli
367,Park Street Imports-House Spirits
369,Park Street Imports- Caballeros
370,Pernod Ricard USA/Austin Nichols
373,Prairie Creek Beverages LLC
374,Park Street Imports-Few Spirits
375,Park Street Imports-Berentzen
376,Sage Beverages
377,Park Street Imports-Veev
379,Square One Organic Spirits
380,Phillips Beverage Company
381,Windy Hill Spirits
384,Piedmont Distillers
389,REMY COINTREAU USA         .
390,Quadro Group LLC
391,Anchor Distilling (PREISS IMPORTS)
394,Black Rock Spirits
395,Proximo
399,Rogue Ales and Spirits
410,The Patron Spirits Company
411,"San Luis Spirits, Inc."
413,Santa Fe Tequila Company
415,Koloa Rum Company
418,Gunsandmore.info
420,"Moet Hennessy USA, Inc."
421,"Sazerac Co., Inc."
432,Seashore Marketing Group
434,Luxco-St Louis
446,Stephen Augustus Imports
447,Stern Beverage
451,Serralles USA
452,"Speakeasy Spirits, LLC"
459,Surville Enterprises Corp
460,Shaw Ross International Importers LL
461,Campari(skyy)
463,The Country Vintner
465,Stanley Stawski Distributing Co.
469,"TY KU, LLC"
477,Total Beverage Solutions
478,Trinchero Family Estates
483,The Wine Group
492,Western Spirits Beverage Co. LLC
495,"M.S. Walker, Inc."
496,Willett Distillery
497,"WILDMAN AND SONS, F."
501,"Winebow, Inc."
503,"Whyte and Machay(Americas) Limited,L"
803,LEVECKE CORP
885,"Yahara Bay Distillers, Inc"
962,Duggan's Distillers Products Corp
969,Aveniu Brands
971,"Hood River Distillers, Inc."
977,"Werner Distilling, LLC"
978,"W. J. Deutsch And Sons, Ltd."
987,"Stellar Importing Company, LLC"
